Workbook

Sheet CASE REPORT
A1: TECHNICAL SUPPORT — CASE REPORT
A4: Tanggal | B4: Technical Support | C4: Rumah Sakit | D4: Dokter | E4: Case | F4: Produk / Implant | G4: Status Case | H4: Laporan dari TS dan masukan Cust | I4: Tindakan | J4: Follow-up | K4: Perbaikan
A5: 01-Okt-2026 | B5: Andri/Dunna | C5: Mitra Kelapa Gading | D5: Dr.Wendy | E5: TKR ROSA | F5: Nexgen | G5: Ada Kendala | H5: Powertool Ruijin kekurangan Power | I5: Saat operasi di ganti dengan Bor RS | J5: Komplain Bor | K5: Pengecekan Powertool sebelum dikirim
A6: 01-Okt-2026 | B6: Widho | C6: Kanujoso | D6: Dr.Hendra | E6: TKR Nm | F6: Nm | G6: Ada Kendala | H6: Tim B3 Tidak menyeterilkan instrumen H-1 Operasi hampir batal | I6: Koordinasi dengan B3 untuk ditindak lanjuti | J6: Cust tidak ada komplain | K6: Evaluasi kerja sama dengan B3 utk pengiriman instrmen
A7: 01-Okt-2026 | B7: Yudi | C7: Primaya Kelapa Gading | D7: Dr. Satria | E7: Bipolar | F7: Ringloc | G7: Sukses | H7: Operasi berjalan lancar mampu berdiskusi dengan user sebelum,saat operasi tentang planning potongan tulang | I7: Tingkatkan lagi untuk Followup hasil operasi dengan Cust | J7: Lakukan F/U ke cust | K7: Komunikasi ditingkatkan
A8: 01-Okt-2026 | B8: Ozan/Dunna | C8: Mitra Kemayoran | D8: Dr.Roy | E8: Bipolar | F8: Ringloc | G8: Sukses | H8: Operasi berjalan sesuai dengan Planning | I8: Tingkatkan diskusi Preop | J8: F/U hasil setelah tindakan | K8: Komunikasu ditingkatkan
A9: 01-Okt-2026 | B9: Asman/Yudi | C9: Siaga Raya | D9: dr.Sofyan | E9: TKR | F9: Nexgen | G9: Sukses | H9: dr.Sofyan minggu lalu telpon tanya hari apa saja Asman yang kosong | I9: dr.Sofyan Minta Asman harus hadir | J9: Foto terlampir di Timetree dikirim langsung dr.Sofyan beliau puas | K9: Tingkatkan antara Trust Cust dengan TS
A10: 01-Okt-2026 | B10: Yudit/Syahrul | C10: Mandaya Puri | D10: dr.Paulus | E10: Ganti Insert | F10: TKR Persona | G10: Ada Kendala | H10: Kekurangan Instrumen Trail Insert | I10: Instrumen disusul dari kantor dan menunggu steril 30 mnt | J10: Kurang nya persiapan Instrumen | K10: Tingkatkan persiapan Instrumen sebelum dikirim
A11: 01-Okt-2026 | B11: Toyib | C11: RSSA Malang | D11: dr.Huzdalifah | E11: Bipolar | F11: Multipolar | G11: Sukses | H11: Cement Syringe menggunakan Spuid | I11: Sebelum ada komplain di masukkan MOU syringekit dengan RSSA | J11: Cust tidak ada Komplain | K11: Proses Syringekit di RSSA

Sheet REKAP
A1: REKAP CASE TECHNICAL SUPPORT
A3: Technical Support | B3: Total Case | C3: Sukses | D3: Ada Kendala
A4: Asman | B4: 1 | C4: 1 | D4: =_xlfn.COUNTIFS('CASE REPORT'!B:B,A4,'CASE REPORT'!G:G,"Ada Kendala") -> 0
A5: Ozan | B5: 1 | C5: 1 | D5: =_xlfn.COUNTIFS('CASE REPORT'!B:B,A5,'CASE REPORT'!G:G,"Ada Kendala") -> 0
A6: Yudit | B6: 1 | C6: =_xlfn.COUNTIFS('CASE REPORT'!B:B,A6,'CASE REPORT'!G:G,"Sukses") -> 0 | D6: 1
A7: Hendra | B7: =COUNTIF('CASE REPORT'!B:B,A7) -> 0 | C7: =_xlfn.COUNTIFS('CASE REPORT'!B:B,A7,'CASE REPORT'!G:G,"Sukses") -> 0 | D7: =_xlfn.COUNTIFS('CASE REPORT'!B:B,A7,'CASE REPORT'!G:G,"Ada Kendala") -> 0
A8: Andri | B8: 1 | C8: =_xlfn.COUNTIFS('CASE REPORT'!B:B,A8,'CASE REPORT'!G:G,"Sukses") -> 0 | D8: =_xlfn.COUNTIFS('CASE REPORT'!B:B,A8,'CASE REPORT'!G:G,"Ada Kendala") -> 0
A9: Herlambang | B9: =COUNTIF('CASE REPORT'!B:B,A9) -> 0 | C9: =_xlfn.COUNTIFS('CASE REPORT'!B:B,A9,'CASE REPORT'!G:G,"Sukses") -> 0 | D9: =_xlfn.COUNTIFS('CASE REPORT'!B:B,A9,'CASE REPORT'!G:G,"Ada Kendala") -> 0
A10: Rifky | B10: =COUNTIF('CASE REPORT'!B:B,A10) -> 0 | C10: =_xlfn.COUNTIFS('CASE REPORT'!B:B,A10,'CASE REPORT'!G:G,"Sukses") -> 0 | D10: =_xlfn.COUNTIFS('CASE REPORT'!B:B,A10,'CASE REPORT'!G:G,"Ada Kendala") -> 0
A11: Sasongko | B11: =COUNTIF('CASE REPORT'!B:B,A11) -> 0 | C11: =_xlfn.COUNTIFS('CASE REPORT'!B:B,A11,'CASE REPORT'!G:G,"Sukses") -> 0 | D11: =_xlfn.COUNTIFS('CASE REPORT'!B:B,A11,'CASE REPORT'!G:G,"Ada Kendala") -> 0
A12: Widho | B12: =COUNTIF('CASE REPORT'!B:B,A12) -> 1 | C12: =_xlfn.COUNTIFS('CASE REPORT'!B:B,A12,'CASE REPORT'!G:G,"Sukses") -> 0 | D12: =_xlfn.COUNTIFS('CASE REPORT'!B:B,A12,'CASE REPORT'!G:G,"Ada Kendala") -> 1
A13: Toyib | B13: =COUNTIF('CASE REPORT'!B:B,A13) -> 1 | C13: =_xlfn.COUNTIFS('CASE REPORT'!B:B,A13,'CASE REPORT'!G:G,"Sukses") -> 1 | D13: =_xlfn.COUNTIFS('CASE REPORT'!B:B,A13,'CASE REPORT'!G:G,"Ada Kendala") -> 0
A14: Beni | B14: 0 | C14: 0 | D14: 0
A15: Nato | B15: 0 | C15: 0 | D15: 0
A16: Yudi | B16: 2 | C16: 1 | D16: 0
A17: Syahrul | B17: 1 | C17: 0 | D17: 1
A18: Dunna | B18: 2 | C18: 1 | D18: 1

Sheet PETUNJUK
A1: CARA PENGISIAN
A3: 1. Satu case = satu baris.
A4: 2. Isi setelah case selesai.
A5: 3. Status Case pilih: Sukses / Ada Kendala.
A6: 4. Jika tidak ada kendala, tulis '-' pada Kendala, Tindakan, dan Follow-up.
A7: 5. Gunakan sheet REKAP untuk melihat jumlah case per Technical Support.
